{
    "format_version": "1.12.0",
    "minecraft:geometry": [
        {
            "description": {
                "identifier": "geometry.head3",
                "texture_width": 128,
                "texture_height": 32,
                "visible_bounds_width": 3,
                "visible_bounds_height": 3.5,
                "visible_bounds_offset": [
                    0,
                    1.25,
                    0
                ]
            },
            "bones": [
                {
                    "name": "head",
                    "pivot": [
                        0,
                        0,
                        0
                    ]
                },
                {
                    "name": "side",
                    "parent": "head",
                    "pivot": [
                        0,
                        4.9,
                        0.08
                    ],
                    "rotation": [
                        90,
                        0,
                        0
                    ],
                    "cubes": [
                        {"origin": [-5,-0.1,-4.92],"size": [10,10,10],"pivot": [0,4.9,0.08],"rotation": [-90,0,0],"uv": {"north": {"uv": [16, 16], "uv_size": [16, 16]},"east": {"uv": [0, 16], "uv_size": [16, 16]},"south": {"uv": [48, 16], "uv_size": [16, 16]},"west": {"uv": [32, 16], "uv_size": [16, 16]},"up": {"uv": [16, 0], "uv_size": [16, 16]},"down": {"uv": [32, 16], "uv_size": [16, -16]}}},
                        {"origin": [-5,-0.1,-4.92],"size": [10,10,10],"inflate": 0.5,"pivot": [0,4.9,0.08],"rotation": [-90,0,0],"uv": {"north": {"uv": [80, 16], "uv_size": [16, 16]},"east": {"uv": [64, 16], "uv_size": [16, 16]},"south": {"uv": [112, 16], "uv_size": [16, 16]},"west": {"uv": [96, 16], "uv_size": [16, 16]},"up": {"uv": [80, 0], "uv_size": [16, 16]},"down": {"uv": [96, 16], "uv_size": [16, -16]}}}
                    ]
                }
            ]
        }
    ]
}