{
	"format_version": "1.12.0",
	"minecraft:geometry": [
		{
			"description": {
				"identifier": "geometry.head2",
				"texture_width": 128,
				"texture_height": 32,
				"visible_bounds_width": 3,
				"visible_bounds_height": 2.5,
				"visible_bounds_offset": [0, 0.75, 0]
			},
			"bones": [
				{
					"name": "head",
					"pivot": [0, 0, 0]
				},
				{
					"name": "up_0",
					"parent": "head",
					"pivot": [0, 0, 0],
					"cubes": [
						{
							"origin": [-4, 0.5, -4],
							"size": [8, 8, 8],
							"uv": {
								"north": {"uv": [16, 16], "uv_size": [16, 16]},
								"east": {"uv": [0, 16], "uv_size": [16, 16]},
								"south": {"uv": [48, 16], "uv_size": [16, 16]},
								"west": {"uv": [32, 16], "uv_size": [16, 16]},
								"up": {"uv": [16, 0], "uv_size": [16, 16]},
								"down": {"uv": [32, 16], "uv_size": [16, -16]}
							}
						},
						{
							"origin": [-4, 0.5, -4],
							"size": [8, 8, 8],
							"inflate": 0.5,
							"uv": {
								"north": {"uv": [80, 16], "uv_size": [16, 16]},
								"east": {"uv": [64, 16], "uv_size": [16, 16]},
								"south": {"uv": [112, 16], "uv_size": [16, 16]},
								"west": {"uv": [96, 16], "uv_size": [16, 16]},
								"up": {"uv": [80, 0], "uv_size": [16, 16]},
								"down": {"uv": [96, 16], "uv_size": [16, -16]}
							}
						}
					]
				},
				{
					"name": "up_22_5",
					"parent": "head",
					"pivot": [0, 0, 0],
					"rotation": [0, 22.5, 0],
					"cubes": [
						{
							"origin": [-4, 0.5, -4],
							"size": [8, 8, 8],
							"uv": {
								"north": {"uv": [16, 16], "uv_size": [16, 16]},
								"east": {"uv": [0, 16], "uv_size": [16, 16]},
								"south": {"uv": [48, 16], "uv_size": [16, 16]},
								"west": {"uv": [32, 16], "uv_size": [16, 16]},
								"up": {"uv": [16, 0], "uv_size": [16, 16]},
								"down": {"uv": [32, 16], "uv_size": [16, -16]}
							}
						},
						{"origin": [-4, 0.5, -4], "size": [8, 8, 8], "inflate": 0.5, "uv": {"north": {"uv": [80, 16], "uv_size": [16, 16]},"east": {"uv": [64, 16], "uv_size": [16, 16]},"south": {"uv": [112, 16], "uv_size": [16, 16]},"west": {"uv": [96, 16], "uv_size": [16, 16]},"up": {"uv": [80, 0], "uv_size": [16, 16]},"down": {"uv": [96, 16], "uv_size": [16, -16]}}}
					]
				},
				{
					"name": "up_45",
					"parent": "head",
					"pivot": [0, 0, 0],
					"rotation": [0, 45, 0],
					"cubes": [
						{
							"origin": [-4, 0.5, -4],
							"size": [8, 8, 8],
							"uv": {
								"north": {"uv": [16, 16], "uv_size": [16, 16]},
								"east": {"uv": [0, 16], "uv_size": [16, 16]},
								"south": {"uv": [48, 16], "uv_size": [16, 16]},
								"west": {"uv": [32, 16], "uv_size": [16, 16]},
								"up": {"uv": [16, 0], "uv_size": [16, 16]},
								"down": {"uv": [32, 16], "uv_size": [16, -16]}
							}
						},
						{"origin": [-4, 0.5, -4], "size": [8, 8, 8], "inflate": 0.5, "uv": {"north": {"uv": [80, 16], "uv_size": [16, 16]},"east": {"uv": [64, 16], "uv_size": [16, 16]},"south": {"uv": [112, 16], "uv_size": [16, 16]},"west": {"uv": [96, 16], "uv_size": [16, 16]},"up": {"uv": [80, 0], "uv_size": [16, 16]},"down": {"uv": [96, 16], "uv_size": [16, -16]}}}
					]
				},
				{
					"name": "up_67_5",
					"parent": "head",
					"pivot": [0, 0, 0],
					"rotation": [0, 67.5, 0],
					"cubes": [
						{
							"origin": [-4, 0.5, -4],
							"size": [8, 8, 8],
							"uv": {
								"north": {"uv": [16, 16], "uv_size": [16, 16]},
								"east": {"uv": [0, 16], "uv_size": [16, 16]},
								"south": {"uv": [48, 16], "uv_size": [16, 16]},
								"west": {"uv": [32, 16], "uv_size": [16, 16]},
								"up": {"uv": [16, 0], "uv_size": [16, 16]},
								"down": {"uv": [32, 16], "uv_size": [16, -16]}
							}
						},
						{"origin": [-4, 0.5, -4], "size": [8, 8, 8], "inflate": 0.5, "uv": {"north": {"uv": [80, 16], "uv_size": [16, 16]},"east": {"uv": [64, 16], "uv_size": [16, 16]},"south": {"uv": [112, 16], "uv_size": [16, 16]},"west": {"uv": [96, 16], "uv_size": [16, 16]},"up": {"uv": [80, 0], "uv_size": [16, 16]},"down": {"uv": [96, 16], "uv_size": [16, -16]}}}
					]
				},
				{
					"name": "side",
					"parent": "head",
					"pivot": [0, 5, 8],
					"rotation": [90, 0, 0],
					"cubes": [
						{
							"origin": [-4, 4, 5.48],
							"size": [8, 8, 8],
							"pivot": [0, 8, 11],
							"rotation": [-90, 0, 0],
							"uv": {
								"north": {"uv": [16, 16], "uv_size": [16, 16]},
								"east": {"uv": [0, 16], "uv_size": [16, 16]},
								"south": {"uv": [48, 16], "uv_size": [16, 16]},
								"west": {"uv": [32, 16], "uv_size": [16, 16]},
								"up": {"uv": [16, 0], "uv_size": [16, 16]},
								"down": {"uv": [32, 16], "uv_size": [16, -16]}
							}
						},
						{"origin": [-4, 4, 5.48], "size": [8, 8, 8], "inflate": 0.5, "pivot": [0, 8, 11], "rotation": [-90, 0, 0], "uv": {"north": {"uv": [80, 16], "uv_size": [16, 16]},"east": {"uv": [64, 16], "uv_size": [16, 16]},"south": {"uv": [112, 16], "uv_size": [16, 16]},"west": {"uv": [96, 16], "uv_size": [16, 16]},"up": {"uv": [80, 0], "uv_size": [16, 16]},"down": {"uv": [96, 16], "uv_size": [16, -16]}}}
					]
				}
			]
		}
	]
}